;Potencia_instalada_peninsular_(MW);1990;1991;1992;1993;1994;1995;1996;1997;1998;1999;2000;2001;2002;2003;2004;2005;2006;2007;2008;2009;2010;2011;2012;2013;2014;2015;2016;2017;2018;2019;2020;2021;2022;2023;2024;2025;2026;2027;2028;2029;;;;;;;;;;;;;;
;Hidráulica_convencional_y_mixta;13.793;13.795;13.849;13.849;14.064;14.088;14.143;14.143;14.143;14.299;14.299;14.301;14.305;14.462;14.492;14.534;14.566;14.579;14.636;14.636;14.655;14.667;14.887;14.890;14.896;17.024;17.028;17.026;17.044;17.083;17.083;-;-;-;-;-;-;-;-;-;;;;;;;;;;;;;;
;Bombeo_puro;2.428;2.428;2.428;2.428;2.428;2.428;2.428;2.428;2.428;2.428;2.428;2.428;2.428;2.428;2.428;2.428;2.451;2.451;2.451;2.451;2.451;2.451;2.451;2.451;2.451;3.329;3.329;3.329;3.329;3.329;3.329;-;-;-;-;-;-;-;-;-;;;;;;;;;;;;;;
;Nuclear;7.329;7.343;7.391;7.391;7.391;7.391;7.391;7.559;7.606;7.650;7.677;7.694;7.694;7.614;7.590;7.597;7.456;7.456;7.456;7.456;7.515;7.573;7.573;7.573;7.573;7.573;7.573;7.117;7.117;7.117;7.117;-;-;-;-;-;-;-;-;-;;;;;;;;;;;;;;
;Carbón;10.243;10.310;10.310;10.310;10.310;10.310;10.310;10.860;10.860;10.860;11.049;11.059;11.051;11.053;11.037;10.910;10.924;10.858;10.856;10.856;10.874;11.103;10.595;10.610;10.468;10.468;9.536;9.536;9.562;9.215;9.215;-;-;-;-;-;-;-;-;-;;;;;;;;;;;;;;
;Fuel_+_Gas;7.259;7.247;7.247;7.247;7.247;7.247;7.521;7.521;7.521;7.521;7.521;7.521;7.220;6.655;6.664;6.370;6.370;4.522;4.180;2.826;2.145;807;506;506;506;-;-;-;-;-;-;-;-;-;-;-;-;-;-;-;;;;;;;;;;;;;;
;Ciclo_combinado;-;-;-;-;-;-;-;-;-;-;-;-;2.619;4.123;8.062;11.992;15.305;20.672;21.374;22.750;24.844;24.912;24.948;24.948;24.948;24.948;24.948;24.948;24.562;24.562;24.562;-;-;-;-;-;-;-;-;-;;;;;;;;;;;;;;
;Resto_hidráulica;594;644;728;794;897;1.124;1.186;1.233;1.279;1.332;1.391;1.473;1.512;1.567;1.630;1.695;1.796;1.870;1.977;2.020;2.031;2.036;2.040;2.095;2.095;-;-;-;-;-;-;-;-;-;-;-;-;-;-;-;;;;;;;;;;;;;;
;Eólica;1;1;30;34;39;97;146;375;634;1.022;1.829;2.817;4.391;5.816;7.777;9.654;11.286;13.526;15.993;18.714;19.561;21.018;22.609;22.853;22.871;22.798;22.846;22.871;23.124;25.365;25.468;-;-;-;-;-;-;-;-;-;;;;;;;;;;;;;;
;Solar_fotovoltaica;0,1;0,1;0,1;0,1;1;1;1;1;1;1;2;2;5;11;21;43;119;594;3.205;3.243;3.645;4.032;4.294;4.397;4.403;4.432;4.436;4.438;4.464;8.665;9.276;-;-;-;-;-;-;-;-;-;;;;;;;;;;;;;;
;Solar_térmica;-;-;-;-;-;-;-;-;-;-;-;-;-;-;-;-;11;11;61;232;532;999;1.950;2.299;2.299;2.304;2.304;2.304;2.304;2.304;2.304;-;-;-;-;-;-;-;-;-;;;;;;;;;;;;;;
;Térmica_renovable/Otras_renovables;-;-;15;21;21;62;80;102;115;129;181;229;341;433;451;479;554;573;612;740;779;883;968;944;982;876;865;866;871;1.071;1.070;-;-;-;-;-;-;-;-;-;;;;;;;;;;;;;;
;Térmica_no_renovable/Cogeneración_y_resto/Cogeneración;159;226;334;535;682;1.163;1.834;2.337;2.956;3.611;4.216;4.969;5.377;5.732;5.987;6.163;6.371;6.483;6.737;6.968;7.098;7.179;7.117;7.058;7.048;6.136;5.955;5.790;5.717;5.666;5.662;-;-;-;-;-;-;-;-;-;;;;;;;;;;;;;;
;Residuos_no_renovables;-;-;-;-;-;-;-;-;-;-;-;-;-;-;-;-;-;-;-;-;-;-;-;-;-;470;458;458;451;451;451;-;-;-;-;-;-;-;-;-;;;;;;;;;;;;;;
;Residuos_renovables;-;-;-;-;-;-;-;-;-;-;-;-;-;-;-;-;-;-;-;-;-;-;-;-;-;122;122;122;122;122;122;-;-;-;-;-;-;-;-;-;;;;;;;;;;;;;;
;Total;41.807;41.995;42.334;42.608;43.081;43.911;45.042;46.560;47.544;48.853;50.594;52.495;56.945;59.896;66.140;71.865;77.209;83.594;89.538;92.893;96.131;97.659;99.937;100.623;100.539;100.479;99.398;98.805;98.667;104.950;105.659;-;-;-;-;-;-;-;-;-;;;;;;;;;;;;;;
;;;;;;;;;;;;;;;;;;;;;;;;;;;;;;;;;;;;;;;;;;;;;;;;;;;;;;;
;Potencia_instalada_Islas_Baleares_(MW);2006;2007;2008;2009;2010;2011;2012;2013;2014;2015;2016;2017;2018;2019;2020;2021;2022;2023;2024;2025;;;;;;;;;;;;;;;;;;;;;;;;;;;;;;;;;;
;Carbón;468;468;468;468;468;468;468;468;468;468;468;468;468;468;241;-;-;-;-;-;;;;;;;;;;;;;;;;;;;;;;;;;;;;;;;;;;
;Motores_diesel;176;210;203;196;196;182;182;182;182;182;182;182;182;139;139;-;-;-;-;-;;;;;;;;;;;;;;;;;;;;;;;;;;;;;;;;;;
;Turbina_de_gas;542;388;461;532;533;533;557;605;605;605;605;605;605;605;605;-;-;-;-;-;;;;;;;;;;;;;;;;;;;;;;;;;;;;;;;;;;
;Fuel_+_Gas;718;598;664;728;730;715;739;787;787;787;787;787;787;745;745;-;-;-;-;-;;;;;;;;;;;;;;;;;;;;;;;;;;;;;;;;;;
;Ciclo_combinado;418;643;643;794;858;858;858;858;858;858;858;858;858;858;858;-;-;-;-;-;;;;;;;;;;;;;;;;;;;;;;;;;;;;;;;;;;
;Generación_auxiliar;-;-;-;-;-;-;-;-;-;-;-;-;-;-;-;-;-;-;-;-;;;;;;;;;;;;;;;;;;;;;;;;;;;;;;;;;;
;Eólica;4;4;4;4;4;4;4;4;4;4;4;4;4;4;4;-;-;-;-;-;;;;;;;;;;;;;;;;;;;;;;;;;;;;;;;;;;
;Solar_fotovoltaica;1;1;52;53;59;63;78;78;78;79;79;80;80;81;81;-;-;-;-;-;;;;;;;;;;;;;;;;;;;;;;;;;;;;;;;;;;
;Térmica_renovable/Otras_renovables;-;-;-;-;-;-;2;2;2;2;2;2;2;2;2;-;-;-;-;-;;;;;;;;;;;;;;;;;;;;;;;;;;;;;;;;;;
;Térmica_no_renovable/Cogeneración_y_resto/Cogeneración;38;39;38;40;81;82;86;86;86;10;10;10;10;10;10;-;-;-;-;-;;;;;;;;;;;;;;;;;;;;;;;;;;;;;;;;;;
;Residuos_no_renovables;-;-;-;-;-;-;-;-;-;37;37;37;37;37;37;-;-;-;-;-;;;;;;;;;;;;;;;;;;;;;;;;;;;;;;;;;;
;Residuos_renovables;-;-;-;-;-;-;-;-;-;37;37;37;37;37;37;-;-;-;-;-;;;;;;;;;;;;;;;;;;;;;;;;;;;;;;;;;;
;Total;1.647;1.754;1.869;2.087;2.200;2.191;2.235;2.283;2.283;2.284;2.284;2.285;2.285;2.243;2.016;-;-;-;-;-;;;;;;;;;;;;;;;;;;;;;;;;;;;;;;;;;;
;;;;;;;;;;;;;;;;;;;;;;;;;;;;;;;;;;;;;;;;;;;;;;;;;;;;;;;
;Potencia_instalada_Islas_Canarias_(MW);2006;2007;2008;2009;2010;2011;2012;2013;2014;2015;2016;2017;2018;2019;2020;2021;2022;2023;2024;2025;;;;;;;;;;;;;;;;;;;;;;;;;;;;;;;;;;
;Hidráulica;1;1;1;1;1;1;1;1;1;2;2;2;2;2;2;-;-;-;-;-;;;;;;;;;;;;;;;;;;;;;;;;;;;;;;;;;;
;Motores_diesel;477;477;477;477;477;477;477;496;496;496;496;496;496;496;496;-;-;-;-;-;;;;;;;;;;;;;;;;;;;;;;;;;;;;;;;;;;
;Turbina_de_gas;520;520;520;520;520;557;557;557;557;557;557;557;557;557;557;-;-;-;-;-;;;;;;;;;;;;;;;;;;;;;;;;;;;;;;;;;;
;Turbina_de_vapor;660;660;660;660;660;660;660;483;483;483;483;483;483;483;483;-;-;-;-;-;;;;;;;;;;;;;;;;;;;;;;;;;;;;;;;;;;
;Fuel_+_Gas;1.657;1.657;1.657;1.657;1.657;1.694;1.694;1.536;1.536;1.536;1.536;1.536;1.536;1.536;1.536;-;-;-;-;-;;;;;;;;;;;;;;;;;;;;;;;;;;;;;;;;;;
;Ciclo_combinado;635;635;635;640;871;864;864;864;864;864;864;864;864;864;864;-;-;-;-;-;;;;;;;;;;;;;;;;;;;;;;;;;;;;;;;;;;
;Generación_auxiliar;41;41;16;16;-;-;-;-;-;-;-;-;-;-;-;-;-;-;-;-;;;;;;;;;;;;;;;;;;;;;;;;;;;;;;;;;;
;Hidroéolica;-;-;-;-;-;-;-;-;11;11;11;11;11;11;11;-;-;-;-;-;;;;;;;;;;;;;;;;;;;;;;;;;;;;;;;;;;
;Resto_hidráulica;0,5;0,5;0,5;0,5;0,5;0,5;0,5;0,5;0;-;-;-;-;-;-;-;-;-;-;-;;;;;;;;;;;;;;;;;;;;;;;;;;;;;;;;;;
;Eólica;127;135;137;143;143;145;145;153;153;152;152;207;418;430;430;-;-;-;-;-;;;;;;;;;;;;;;;;;;;;;;;;;;;;;;;;;;
;Solar_fotovoltaica;5;22;94;96;125;138;161;164;165;167;167;167;167;167;167;-;-;-;-;-;;;;;;;;;;;;;;;;;;;;;;;;;;;;;;;;;;
;Térmica_renovable/Otras_renovables;38;40;42;42;42;3;3;3;3;4;4;4;4;4;4;-;-;-;-;-;;;;;;;;;;;;;;;;;;;;;;;;;;;;;;;;;;
;Térmica_no_renovable/Cogeneración_y_resto/Cogeneración;33;33;33;33;33;33;33;33;33;-;-;-;-;-;-;-;-;-;-;-;;;;;;;;;;;;;;;;;;;;;;;;;;;;;;;;;;
;Total;2.538;2.565;2.615;2.627;2.871;2.879;2.902;2.755;2.767;2.736;2.736;2.791;3.002;3.014;3.014;-;-;-;-;-;;;;;;;;;;;;;;;;;;;;;;;;;;;;;;;;;;
;;;;;;;;;;;;;;;;;;;;;;;;;;;;;;;;;;;;;;;;;;;;;;;;;;;;;;;
;Potencia_instalada_Ceuta_(MW);2006;2007;2008;2009;2010;2011;2012;2013;2014;2015;2016;2017;2018;2019;2020;2021;2022;2023;2024;2025;;;;;;;;;;;;;;;;;;;;;;;;;;;;;;;;;;
;Motores_diesel;53;64;66;66;78;78;78;78;78;78;78;78;78;78;78;-;-;-;-;-;;;;;;;;;;;;;;;;;;;;;;;;;;;;;;;;;;
;Turbina_de_gas;-;-;-;-;13;13;13;13;13;13;13;13;13;13;13;-;-;-;-;-;;;;;;;;;;;;;;;;;;;;;;;;;;;;;;;;;;
;Fuel_+_Gas;53;64;66;66;91;91;91;91;91;91;91;91;91;91;91;-;-;-;-;-;;;;;;;;;;;;;;;;;;;;;;;;;;;;;;;;;;
;Total;53;64;66;66;91;91;91;91;91;91;91;91;91;91;91;-;-;-;-;-;;;;;;;;;;;;;;;;;;;;;;;;;;;;;;;;;;
;;;;;;;;;;;;;;;;;;;;;;;;;;;;;;;;;;;;;;;;;;;;;;;;;;;;;;;
;Potencia_instalada_Melilla_(MW);2006;2007;2008;2009;2010;2011;2012;2013;2014;2015;2016;2017;2018;2019;2020;2021;2022;2023;2024;2025;;;;;;;;;;;;;;;;;;;;;;;;;;;;;;;;;;
;Motores_diesel;50;65;65;65;65;65;65;65;65;65;65;65;65;65;65;-;-;-;-;-;;;;;;;;;;;;;;;;;;;;;;;;;;;;;;;;;;
;Turbina_de_gas;12;12;12;12;12;12;12;12;12;12;12;12;12;12;12;-;-;-;-;-;;;;;;;;;;;;;;;;;;;;;;;;;;;;;;;;;;
;Fuel_+_Gas;61;76;76;76;76;76;76;76;76;76;76;76;76;76;76;-;-;-;-;-;;;;;;;;;;;;;;;;;;;;;;;;;;;;;;;;;;
;Solar_fotovoltaica;0;0;0;0;0;0;0;0,1;0,1;0,1;0,1;0,1;0,1;0,1;0,1;-;-;-;-;-;;;;;;;;;;;;;;;;;;;;;;;;;;;;;;;;;;
;Térmica_no_renovable/Cogeneración_y_resto/Cogeneración;0;2;2;2;2;2;2;2;2;-;-;-;-;-;-;-;-;-;-;-;;;;;;;;;;;;;;;;;;;;;;;;;;;;;;;;;;
;Residuos_no_renovables;-;-;-;-;-;-;-;-;-;1;1;1;1;1;1;-;-;-;-;-;;;;;;;;;;;;;;;;;;;;;;;;;;;;;;;;;;
;Residuos_renovables;-;-;-;-;-;-;-;-;-;1;1;1;1;1;1;-;-;-;-;-;;;;;;;;;;;;;;;;;;;;;;;;;;;;;;;;;;
;Total;61;78;78;78;78;78;78;78;78;78;78;78;78;78;78;-;-;-;-;-;;;;;;;;;;;;;;;;;;;;;;;;;;;;;;;;;;
;;;;;;;;;;;;;;;;;;;;;;;;;;;;;;;;;;;;;;;;;;;;;;;;;;;;;;;
;Potencia_instalada_nacional_(MW);2006;2007;2008;2009;2010;2011;2012;2013;2014;2015;2016;2017;2018;2019;2020;2021;2022;2023;2024;2025;;;;;;;;;;;;;;;;;;;;;;;;;;;;;;;;;;
;Hidráulica_convencional_y_mixta;14.567;14.580;14.636;14.636;14.656;14.668;14.887;14.890;14.897;17.026;17.030;17.028;17.046;17.085;17.085;-;-;-;-;-;;;;;;;;;;;;;;;;;;;;;;;;;;;;;;;;;;
;Bombeo_puro;2.451;2.451;2.451;2.451;2.451;2.451;2.451;2.451;2.451;3.329;3.329;3.329;3.329;3.329;3.329;-;-;-;-;-;;;;;;;;;;;;;;;;;;;;;;;;;;;;;;;;;;
;Nuclear;7.456;7.456;7.456;7.456;7.515;7.573;7.573;7.573;7.573;7.573;7.573;7.117;7.117;7.117;7.117;-;-;-;-;-;;;;;;;;;;;;;;;;;;;;;;;;;;;;;;;;;;
;Carbón;11.393;11.326;11.325;11.325;11.342;11.572;11.064;11.079;10.936;10.936;10.004;10.004;10.030;9.683;9.456;-;-;-;-;-;;;;;;;;;;;;;;;;;;;;;;;;;;;;;;;;;;
;Fuel_+_Gas;8.900;6.959;6.659;5.369;4.698;3.383;3.106;2.996;2.996;2.490;2.490;2.490;2.490;2.447;2.447;-;-;-;-;-;;;;;;;;;;;;;;;;;;;;;;;;;;;;;;;;;;
;Ciclo_combinado;16.358;21.951;22.653;24.184;26.573;26.634;26.670;26.670;26.670;26.670;26.670;26.670;26.284;26.284;26.284;-;-;-;-;-;;;;;;;;;;;;;;;;;;;;;;;;;;;;;;;;;;
;Hidroeólica;-;-;-;-;-;-;-;-;11;11;11;11;11;11;11;-;-;-;-;-;;;;;;;;;;;;;;;;;;;;;;;;;;;;;;;;;;
;Resto_hidráulica;1.797;1.870;1.978;2.021;2.031;2.037;2.040;2.095;2.095;-;-;-;-;-;-;-;-;-;-;-;;;;;;;;;;;;;;;;;;;;;;;;;;;;;;;;;;
;Eólica;11.416;13.664;16.133;18.861;19.707;21.167;22.758;23.009;23.028;22.954;23.001;23.082;23.545;25.799;25.902;-;-;-;-;-;;;;;;;;;;;;;;;;;;;;;;;;;;;;;;;;;;
;Solar_fotovoltaica;125;618;3.351;3.392;3.829;4.233;4.532;4.638;4.646;4.678;4.683;4.685;4.712;8.913;9.524;-;-;-;-;-;;;;;;;;;;;;;;;;;;;;;;;;;;;;;;;;;;
;Solar_térmica;11;11;61;232;532;999;1.950;2.299;2.299;2.304;2.304;2.304;2.304;2.304;2.304;-;-;-;-;-;;;;;;;;;;;;;;;;;;;;;;;;;;;;;;;;;;
;Térmica_renovable/Otras_renovables;593;613;654;782;820;886;974;950;987;882;870;872;877;1.076;1.076;-;-;-;-;-;;;;;;;;;;;;;;;;;;;;;;;;;;;;;;;;;;
;Térmica_no_renovable/Cogeneración_y_resto/Cogeneración;6.442;6.558;6.810;7.044;7.215;7.297;7.238;7.179;7.169;6.146;5.965;5.801;5.727;5.677;5.672;-;-;-;-;-;;;;;;;;;;;;;;;;;;;;;;;;;;;;;;;;;;
;Residuos_no_renovables;-;-;-;-;-;-;-;-;-;508;496;496;490;490;490;-;-;-;-;-;;;;;;;;;;;;;;;;;;;;;;;;;;;;;;;;;;
;Residuos_renovables;-;-;-;-;-;-;-;-;-;160;160;160;160;160;160;-;-;-;-;-;;;;;;;;;;;;;;;;;;;;;;;;;;;;;;;;;;
;Total;81.509;88.057;94.166;97.751;101.371;102.898;105.243;105.830;105.758;105.668;104.588;104.050;104.123;110.376;110.858;-;-;-;-;-;;;;;;;;;;;;;;;;;;;;;;;;;;;;;;;;;;
;;;;;;;;;;;;;;;;;;;;;;;;;;;;;;;;;;;;;;;;;;;;;;;;;;;;;;;
;Potencia_instalada_Andalucía_(MW);2015;2016;2017;2018;2019;2020;2021;2022;2023;2024;;;;;;;;;;;;;;;;;;;;;;;;;;;;;;;;;;;;;;;;;;;;
;Bombeo_puro;583;583;583;583;583;583;-;-;-;-;;;;;;;;;;;;;;;;;;;;;;;;;;;;;;;;;;;;;;;;;;;;
;Hidráulica_convencional_y_mixta;590;591;587;587;622;622;-;-;-;-;;;;;;;;;;;;;;;;;;;;;;;;;;;;;;;;;;;;;;;;;;;;
;Nuclear;-;-;-;-;-;-;-;-;-;-;;;;;;;;;;;;;;;;;;;;;;;;;;;;;;;;;;;;;;;;;;;;
;Carbón;1.989;1.989;1.989;1.989;1.989;1.989;-;-;-;-;;;;;;;;;;;;;;;;;;;;;;;;;;;;;;;;;;;;;;;;;;;;
;Fuel_+_Gas;-;-;-;-;-;-;-;-;-;-;;;;;;;;;;;;;;;;;;;;;;;;;;;;;;;;;;;;;;;;;;;;
;Ciclo_combinado;5.952;5.952;5.952;5.952;5.952;5.952;-;-;-;-;;;;;;;;;;;;;;;;;;;;;;;;;;;;;;;;;;;;;;;;;;;;
;Eólica;3.327;3.327;3.327;3.327;3.451;3.451;-;-;-;-;;;;;;;;;;;;;;;;;;;;;;;;;;;;;;;;;;;;;;;;;;;;
;Solar_fotovoltaica;875;878;878;882;1.784;2.000;-;-;-;-;;;;;;;;;;;;;;;;;;;;;;;;;;;;;;;;;;;;;;;;;;;;
;Solar_térmica;1.000;1.000;1.000;1.000;1.000;1.000;-;-;-;-;;;;;;;;;;;;;;;;;;;;;;;;;;;;;;;;;;;;;;;;;;;;
;Térmica_renovable/Otras_renovables;232;234;230;230;277;277;-;-;-;-;;;;;;;;;;;;;;;;;;;;;;;;;;;;;;;;;;;;;;;;;;;;
;Térmica_no_renovable/Cogeneración_y_resto/Cogeneración;903;898;850;849;849;849;-;-;-;-;;;;;;;;;;;;;;;;;;;;;;;;;;;;;;;;;;;;;;;;;;;;
;Residuos_no_renovables;95;84;84;84;84;84;-;-;-;-;;;;;;;;;;;;;;;;;;;;;;;;;;;;;;;;;;;;;;;;;;;;
;Residuos_renovables;-;-;-;-;-;-;-;-;-;-;;;;;;;;;;;;;;;;;;;;;;;;;;;;;;;;;;;;;;;;;;;;
;Total;15.547;15.534;15.481;15.483;16.590;16.806;-;-;-;-;;;;;;;;;;;;;;;;;;;;;;;;;;;;;;;;;;;;;;;;;;;;
;;;;;;;;;;;;;;;;;;;;;;;;;;;;;;;;;;;;;;;;;;;;;;;;;;;;;;;
;Potencia_instalada_Aragón_(MW);2015;2016;2017;2018;2019;2020;2021;2022;2023;2024;;;;;;;;;;;;;;;;;;;;;;;;;;;;;;;;;;;;;;;;;;;;
;Bombeo_puro;219;219;219;219;219;219;-;-;-;-;;;;;;;;;;;;;;;;;;;;;;;;;;;;;;;;;;;;;;;;;;;;
;Hidráulica_convencional_y_mixta;1.334;1.334;1.334;1.334;1.334;1.334;-;-;-;-;;;;;;;;;;;;;;;;;;;;;;;;;;;;;;;;;;;;;;;;;;;;
;Nuclear;-;-;-;-;-;-;-;-;-;-;;;;;;;;;;;;;;;;;;;;;;;;;;;;;;;;;;;;;;;;;;;;
;Carbón;1.056;1.056;1.056;1.056;1.056;1.056;-;-;-;-;;;;;;;;;;;;;;;;;;;;;;;;;;;;;;;;;;;;;;;;;;;;
;Fuel_+_Gas;-;-;-;-;-;-;-;-;-;-;;;;;;;;;;;;;;;;;;;;;;;;;;;;;;;;;;;;;;;;;;;;
;Ciclo_combinado;1.870;1.870;1.870;1.870;1.870;1.870;-;-;-;-;;;;;;;;;;;;;;;;;;;;;;;;;;;;;;;;;;;;;;;;;;;;
;Eólica;1.906;1.906;1.924;2.096;3.213;3.266;-;-;-;-;;;;;;;;;;;;;;;;;;;;;;;;;;;;;;;;;;;;;;;;;;;;
;Solar_fotovoltaica;168;169;169;169;938;951;-;-;-;-;;;;;;;;;;;;;;;;;;;;;;;;;;;;;;;;;;;;;;;;;;;;
;Solar_térmica;-;-;-;-;-;-;-;-;-;-;;;;;;;;;;;;;;;;;;;;;;;;;;;;;;;;;;;;;;;;;;;;
;Térmica_renovable/Otras_renovables;42;42;42;42;42;42;-;-;-;-;;;;;;;;;;;;;;;;;;;;;;;;;;;;;;;;;;;;;;;;;;;;
;Térmica_no_renovable/Cogeneración_y_resto/Cogeneración;494;491;478;478;478;478;-;-;-;-;;;;;;;;;;;;;;;;;;;;;;;;;;;;;;;;;;;;;;;;;;;;
;Residuos_no_renovables;50;50;50;50;50;50;-;-;-;-;;;;;;;;;;;;;;;;;;;;;;;;;;;;;;;;;;;;;;;;;;;;
;Residuos_renovables;-;-;-;-;-;-;-;-;-;-;;;;;;;;;;;;;;;;;;;;;;;;;;;;;;;;;;;;;;;;;;;;
;Total;7.139;7.136;7.142;7.314;9.201;9.266;-;-;-;-;;;;;;;;;;;;;;;;;;;;;;;;;;;;;;;;;;;;;;;;;;;;
;;;;;;;;;;;;;;;;;;;;;;;;;;;;;;;;;;;;;;;;;;;;;;;;;;;;;;;
;Potencia_instalada_Asturias_(MW);2015;2016;2017;2018;2019;2020;2021;2022;2023;2024;;;;;;;;;;;;;;;;;;;;;;;;;;;;;;;;;;;;;;;;;;;;
;Bombeo_puro;-;-;-;-;-;-;-;-;-;-;;;;;;;;;;;;;;;;;;;;;;;;;;;;;;;;;;;;;;;;;;;;
;Hidráulica_convencional_y_mixta;805;805;805;805;805;805;-;-;-;-;;;;;;;;;;;;;;;;;;;;;;;;;;;;;;;;;;;;;;;;;;;;
;Nuclear;-;-;-;-;-;-;-;-;-;-;;;;;;;;;;;;;;;;;;;;;;;;;;;;;;;;;;;;;;;;;;;;
;Carbón;2.365;2.073;2.073;2.099;2.099;2.099;-;-;-;-;;;;;;;;;;;;;;;;;;;;;;;;;;;;;;;;;;;;;;;;;;;;
;Fuel_+_Gas;-;-;-;-;-;-;-;-;-;-;;;;;;;;;;;;;;;;;;;;;;;;;;;;;;;;;;;;;;;;;;;;
;Ciclo_combinado;854;854;854;854;854;854;-;-;-;-;;;;;;;;;;;;;;;;;;;;;;;;;;;;;;;;;;;;;;;;;;;;
;Eólica;518;518;518;518;518;518;-;-;-;-;;;;;;;;;;;;;;;;;;;;;;;;;;;;;;;;;;;;;;;;;;;;
;Solar_fotovoltaica;1;1;1;1;1;1;-;-;-;-;;;;;;;;;;;;;;;;;;;;;;;;;;;;;;;;;;;;;;;;;;;;
;Solar_térmica;-;-;-;-;-;-;-;-;-;-;;;;;;;;;;;;;;;;;;;;;;;;;;;;;;;;;;;;;;;;;;;;
;Térmica_renovable/Otras_renovables;87;87;87;91;91;91;-;-;-;-;;;;;;;;;;;;;;;;;;;;;;;;;;;;;;;;;;;;;;;;;;;;
;Térmica_no_renovable/Cogeneración_y_resto/Cogeneración;82;75;69;69;69;69;-;-;-;-;;;;;;;;;;;;;;;;;;;;;;;;;;;;;;;;;;;;;;;;;;;;
;Residuos_no_renovables;74;74;74;74;74;74;-;-;-;-;;;;;;;;;;;;;;;;;;;;;;;;;;;;;;;;;;;;;;;;;;;;
;Residuos_renovables;-;-;-;-;-;-;-;-;-;-;;;;;;;;;;;;;;;;;;;;;;;;;;;;;;;;;;;;;;;;;;;;
;Total;4.785;4.488;4.482;4.512;4.512;4.512;-;-;-;-;;;;;;;;;;;;;;;;;;;;;;;;;;;;;;;;;;;;;;;;;;;;
;;;;;;;;;;;;;;;;;;;;;;;;;;;;;;;;;;;;;;;;;;;;;;;;;;;;;;;
;Potencia_instalada_C.Valenciana_(MW);2015;2016;2017;2018;2019;2020;2021;2022;2023;2024;;;;;;;;;;;;;;;;;;;;;;;;;;;;;;;;;;;;;;;;;;;;
;Bombeo_puro;1.512;1.512;1.512;1.512;1.512;1.512;-;-;-;-;;;;;;;;;;;;;;;;;;;;;;;;;;;;;;;;;;;;;;;;;;;;
;Hidráulica_convencional_y_mixta;640;640;640;640;640;640;-;-;-;-;;;;;;;;;;;;;;;;;;;;;;;;;;;;;;;;;;;;;;;;;;;;
;Nuclear;1.064;1.064;1.064;1.064;1.064;1.064;-;-;-;-;;;;;;;;;;;;;;;;;;;;;;;;;;;;;;;;;;;;;;;;;;;;
;Carbón;-;-;-;-;-;-;-;-;-;-;;;;;;;;;;;;;;;;;;;;;;;;;;;;;;;;;;;;;;;;;;;;
;Fuel_+_Gas;-;-;-;-;-;-;-;-;-;-;;;;;;;;;;;;;;;;;;;;;;;;;;;;;;;;;;;;;;;;;;;;
;Ciclo_combinado;2.854;2.854;2.854;2.854;2.854;2.854;-;-;-;-;;;;;;;;;;;;;;;;;;;;;;;;;;;;;;;;;;;;;;;;;;;;
;Eólica;1.205;1.205;1.205;1.205;1.205;1.255;-;-;-;-;;;;;;;;;;;;;;;;;;;;;;;;;;;;;;;;;;;;;;;;;;;;
;Solar_fotovoltaica;348;348;348;360;364;364;-;-;-;-;;;;;;;;;;;;;;;;;;;;;;;;;;;;;;;;;;;;;;;;;;;;
;Solar_térmica;50;50;50;50;50;50;-;-;-;-;;;;;;;;;;;;;;;;;;;;;;;;;;;;;;;;;;;;;;;;;;;;
;Térmica_renovable/Otras_renovables;14;12;13;13;13;13;-;-;-;-;;;;;;;;;;;;;;;;;;;;;;;;;;;;;;;;;;;;;;;;;;;;
;Térmica_no_renovable/Cogeneración_y_resto/Cogeneración;523;503;501;463;458;453;-;-;-;-;;;;;;;;;;;;;;;;;;;;;;;;;;;;;;;;;;;;;;;;;;;;
;Residuos_no_renovables;63;63;63;63;63;63;-;-;-;-;;;;;;;;;;;;;;;;;;;;;;;;;;;;;;;;;;;;;;;;;;;;
;Residuos_renovables;-;-;-;-;-;-;-;-;-;-;;;;;;;;;;;;;;;;;;;;;;;;;;;;;;;;;;;;;;;;;;;;
;Total;8.272;8.251;8.250;8.224;8.223;8.268;-;-;-;-;;;;;;;;;;;;;;;;;;;;;;;;;;;;;;;;;;;;;;;;;;;;
;;;;;;;;;;;;;;;;;;;;;;;;;;;;;;;;;;;;;;;;;;;;;;;;;;;;;;;
;Potencia_instalada_Cantabria_(MW);2015;2016;2017;2018;2019;2020;2021;2022;2023;2024;;;;;;;;;;;;;;;;;;;;;;;;;;;;;;;;;;;;;;;;;;;;
;Bombeo_puro;361;361;361;361;361;361;-;-;-;-;;;;;;;;;;;;;;;;;;;;;;;;;;;;;;;;;;;;;;;;;;;;
;Hidráulica_convencional_y_mixta;98;99;99;99;99;99;-;-;-;-;;;;;;;;;;;;;;;;;;;;;;;;;;;;;;;;;;;;;;;;;;;;
;Nuclear;-;-;-;-;-;-;-;-;-;-;;;;;;;;;;;;;;;;;;;;;;;;;;;;;;;;;;;;;;;;;;;;
;Carbón;-;-;-;-;-;-;-;-;-;-;;;;;;;;;;;;;;;;;;;;;;;;;;;;;;;;;;;;;;;;;;;;
;Fuel_+_Gas;-;-;-;-;-;-;-;-;-;-;;;;;;;;;;;;;;;;;;;;;;;;;;;;;;;;;;;;;;;;;;;;
;Ciclo_combinado;-;-;-;-;-;-;-;-;-;-;;;;;;;;;;;;;;;;;;;;;;;;;;;;;;;;;;;;;;;;;;;;
;Eólica;35;35;35;35;35;35;-;-;-;-;;;;;;;;;;;;;;;;;;;;;;;;;;;;;;;;;;;;;;;;;;;;
;Solar_fotovoltaica;2;2;2;2;2;2;-;-;-;-;;;;;;;;;;;;;;;;;;;;;;;;;;;;;;;;;;;;;;;;;;;;
;Solar_térmica;-;-;-;-;-;-;-;-;-;-;;;;;;;;;;;;;;;;;;;;;;;;;;;;;;;;;;;;;;;;;;;;
;Térmica_renovable/Otras_renovables;13;13;13;13;13;13;-;-;-;-;;;;;;;;;;;;;;;;;;;;;;;;;;;;;;;;;;;;;;;;;;;;
;Térmica_no_renovable/Cogeneración_y_resto/Cogeneración;296;296;296;296;296;296;-;-;-;-;;;;;;;;;;;;;;;;;;;;;;;;;;;;;;;;;;;;;;;;;;;;
;Residuos_no_renovables;5;5;5;5;5;5;-;-;-;-;;;;;;;;;;;;;;;;;;;;;;;;;;;;;;;;;;;;;;;;;;;;
;Residuos_renovables;5;5;5;5;5;5;-;-;-;-;;;;;;;;;;;;;;;;;;;;;;;;;;;;;;;;;;;;;;;;;;;;
;Total;815;815;815;815;815;815;-;-;-;-;;;;;;;;;;;;;;;;;;;;;;;;;;;;;;;;;;;;;;;;;;;;
;;;;;;;;;;;;;;;;;;;;;;;;;;;;;;;;;;;;;;;;;;;;;;;;;;;;;;;
;Potencia_instalada_Castilla-La_Mancha_(MW);2015;2016;2017;2018;2019;2020;2021;2022;2023;2024;;;;;;;;;;;;;;;;;;;;;;;;;;;;;;;;;;;;;;;;;;;;
;Bombeo_puro;215;215;215;215;215;215;-;-;-;-;;;;;;;;;;;;;;;;;;;;;;;;;;;;;;;;;;;;;;;;;;;;
;Hidráulica_convencional_y_mixta;650;650;650;650;650;650;-;-;-;-;;;;;;;;;;;;;;;;;;;;;;;;;;;;;;;;;;;;;;;;;;;;
;Nuclear;1.003;1.003;1.003;1.003;1.003;1.003;-;-;-;-;;;;;;;;;;;;;;;;;;;;;;;;;;;;;;;;;;;;;;;;;;;;
;Carbón;503;-;-;-;-;-;-;-;-;-;;;;;;;;;;;;;;;;;;;;;;;;;;;;;;;;;;;;;;;;;;;;
;Fuel_+_Gas;-;-;-;-;-;-;-;-;-;-;;;;;;;;;;;;;;;;;;;;;;;;;;;;;;;;;;;;;;;;;;;;
;Ciclo_combinado;759;759;759;759;759;759;-;-;-;-;;;;;;;;;;;;;;;;;;;;;;;;;;;;;;;;;;;;;;;;;;;;
;Eólica;3.799;3.799;3.799;3.810;3.813;3.813;-;-;-;-;;;;;;;;;;;;;;;;;;;;;;;;;;;;;;;;;;;;;;;;;;;;
;Solar_fotovoltaica;923;923;925;925;1.746;1.796;-;-;-;-;;;;;;;;;;;;;;;;;;;;;;;;;;;;;;;;;;;;;;;;;;;;
;Solar_térmica;349;349;349;349;349;349;-;-;-;-;;;;;;;;;;;;;;;;;;;;;;;;;;;;;;;;;;;;;;;;;;;;
;Térmica_renovable/Otras_renovables;88;88;89;89;140;140;-;-;-;-;;;;;;;;;;;;;;;;;;;;;;;;;;;;;;;;;;;;;;;;;;;;
;Térmica_no_renovable/Cogeneración_y_resto/Cogeneración;390;380;353;353;353;353;-;-;-;-;;;;;;;;;;;;;;;;;;;;;;;;;;;;;;;;;;;;;;;;;;;;
;Residuos_no_renovables;1;1;1;1;1;1;-;-;-;-;;;;;;;;;;;;;;;;;;;;;;;;;;;;;;;;;;;;;;;;;;;;
;Residuos_renovables;-;-;-;-;-;-;-;-;-;-;;;;;;;;;;;;;;;;;;;;;;;;;;;;;;;;;;;;;;;;;;;;
;Total;8.680;8.168;8.143;8.155;9.030;9.080;-;-;-;-;;;;;;;;;;;;;;;;;;;;;;;;;;;;;;;;;;;;;;;;;;;;
;;;;;;;;;;;;;;;;;;;;;;;;;;;;;;;;;;;;;;;;;;;;;;;;;;;;;;;
;Potencia_instalada_Castilla_y_León_(MW);2015;2016;2017;2018;2019;2020;2021;2022;2023;2024;;;;;;;;;;;;;;;;;;;;;;;;;;;;;;;;;;;;;;;;;;;;
;Bombeo_puro;-;-;-;-;-;-;-;-;-;-;;;;;;;;;;;;;;;;;;;;;;;;;;;;;;;;;;;;;;;;;;;;
;Hidráulica_convencional_y_mixta;4.399;4.399;4.399;4.399;4.399;4.399;-;-;-;-;;;;;;;;;;;;;;;;;;;;;;;;;;;;;;;;;;;;;;;;;;;;
;Nuclear;455;455;-;-;-;-;-;-;-;-;;;;;;;;;;;;;;;;;;;;;;;;;;;;;;;;;;;;;;;;;;;;
;Carbón;2.595;2.457;2.457;2.457;2.110;2.110;-;-;-;-;;;;;;;;;;;;;;;;;;;;;;;;;;;;;;;;;;;;;;;;;;;;
;Fuel_+_Gas;-;-;-;-;-;-;-;-;-;-;;;;;;;;;;;;;;;;;;;;;;;;;;;;;;;;;;;;;;;;;;;;
;Ciclo_combinado;-;-;-;-;-;-;-;-;-;-;;;;;;;;;;;;;;;;;;;;;;;;;;;;;;;;;;;;;;;;;;;;
;Eólica;5.556;5.590;5.590;5.590;6.051;6.051;-;-;-;-;;;;;;;;;;;;;;;;;;;;;;;;;;;;;;;;;;;;;;;;;;;;
;Solar_fotovoltaica;494;494;495;496;803;803;-;-;-;-;;;;;;;;;;;;;;;;;;;;;;;;;;;;;;;;;;;;;;;;;;;;
;Solar_térmica;-;-;-;-;-;-;-;-;-;-;;;;;;;;;;;;;;;;;;;;;;;;;;;;;;;;;;;;;;;;;;;;
;Térmica_renovable/Otras_renovables;61;47;47;47;96;96;-;-;-;-;;;;;;;;;;;;;;;;;;;;;;;;;;;;;;;;;;;;;;;;;;;;
;Térmica_no_renovable/Cogeneración_y_resto/Cogeneración;605;596;593;593;593;593;-;-;-;-;;;;;;;;;;;;;;;;;;;;;;;;;;;;;;;;;;;;;;;;;;;;
;Residuos_no_renovables;-;-;-;-;-;-;-;-;-;-;;;;;;;;;;;;;;;;;;;;;;;;;;;;;;;;;;;;;;;;;;;;
;Residuos_renovables;-;-;-;-;-;-;-;-;-;-;;;;;;;;;;;;;;;;;;;;;;;;;;;;;;;;;;;;;;;;;;;;
;Total;14.166;14.038;13.580;13.581;14.052;14.052;-;-;-;-;;;;;;;;;;;;;;;;;;;;;;;;;;;;;;;;;;;;;;;;;;;;
;;;;;;;;;;;;;;;;;;;;;;;;;;;;;;;;;;;;;;;;;;;;;;;;;;;;;;;
;Potencia_instalada_Cataluña_(MW);2015;2016;2017;2018;2019;2020;2021;2022;2023;2024;;;;;;;;;;;;;;;;;;;;;;;;;;;;;;;;;;;;;;;;;;;;
;Bombeo_puro;439,3200;439,3200;439,3200;439,3200;439;439;-;-;-;-;;;;;;;;;;;;;;;;;;;;;;;;;;;;;;;;;;;;;;;;;;;;
;Hidráulica_convencional_y_mixta;1.913,1278;1.913,1728;1.912,8128;1.912,8128;1.913;1.913;-;-;-;-;;;;;;;;;;;;;;;;;;;;;;;;;;;;;;;;;;;;;;;;;;;;
;Nuclear;3.032,8100;3.032,8100;3.032,8100;3.032,8100;3.033;3.033;-;-;-;-;;;;;;;;;;;;;;;;;;;;;;;;;;;;;;;;;;;;;;;;;;;;
;Carbón;-;-;-;-;-;-;-;-;-;-;;;;;;;;;;;;;;;;;;;;;;;;;;;;;;;;;;;;;;;;;;;;
;Fuel_+_Gas;-;-;-;-;-;-;-;-;-;-;;;;;;;;;;;;;;;;;;;;;;;;;;;;;;;;;;;;;;;;;;;;
;Ciclo_combinado;4.174,0800;4.174,0800;4.174,0800;3.788,2300;3.788;3.788;-;-;-;-;;;;;;;;;;;;;;;;;;;;;;;;;;;;;;;;;;;;;;;;;;;;
;Eólica;1.267,0100;1.268,8100;1.268,8100;1.271,1600;1.271;1.271;-;-;-;-;;;;;;;;;;;;;;;;;;;;;;;;;;;;;;;;;;;;;;;;;;;;
;Solar_fotovoltaica;266,1226;266,5307;266,5066;269,5160;274;277;-;-;-;-;;;;;;;;;;;;;;;;;;;;;;;;;;;;;;;;;;;;;;;;;;;;
;Solar_térmica;24,2900;24,2900;24,2900;24,2900;24;24;-;-;-;-;;;;;;;;;;;;;;;;;;;;;;;;;;;;;;;;;;;;;;;;;;;;
;Térmica_renovable/Otras_renovables;71,4890;71,8140;72,6450;72,8360;73;73;-;-;-;-;;;;;;;;;;;;;;;;;;;;;;;;;;;;;;;;;;;;;;;;;;;;
;Térmica_no_renovable/Cogeneración_y_resto/Cogeneración;1.087,3135;1.043,6515;1.010,3885;1.004,3940;981;981;-;-;-;-;;;;;;;;;;;;;;;;;;;;;;;;;;;;;;;;;;;;;;;;;;;;
;Residuos_no_renovables;32,3745;32,3745;32,3745;32,3745;32;32;-;-;-;-;;;;;;;;;;;;;;;;;;;;;;;;;;;;;;;;;;;;;;;;;;;;
;Residuos_renovables;27,1745;27,1745;27,1745;27,1745;27;27;-;-;-;-;;;;;;;;;;;;;;;;;;;;;;;;;;;;;;;;;;;;;;;;;;;;
;Total;12.335,1120;12.294,0281;12.261,2119;11.874,9178;11.856;11.859;-;-;-;-;;;;;;;;;;;;;;;;;;;;;;;;;;;;;;;;;;;;;;;;;;;;
;;;;;;;;;;;;;;;;;;;;;;;;;;;;;;;;;;;;;;;;;;;;;;;;;;;;;;;
;Potencia_instalada_Extremadura_(MW);2015;2016;2017;2018;2019;2020;2021;2022;2023;2024;;;;;;;;;;;;;;;;;;;;;;;;;;;;;;;;;;;;;;;;;;;;
;Bombeo_puro;-;-;-;-;-;-;-;-;-;-;;;;;;;;;;;;;;;;;;;;;;;;;;;;;;;;;;;;;;;;;;;;
;Hidráulica_convencional_y_mixta;2.278;2.278;2.278;2.278;2.278;2.278;-;-;-;-;;;;;;;;;;;;;;;;;;;;;;;;;;;;;;;;;;;;;;;;;;;;
;Nuclear;2.017;2.017;2.017;2.017;2.017;2.017;-;-;-;-;;;;;;;;;;;;;;;;;;;;;;;;;;;;;;;;;;;;;;;;;;;;
;Carbón;-;-;-;-;-;-;-;-;-;-;;;;;;;;;;;;;;;;;;;;;;;;;;;;;;;;;;;;;;;;;;;;
;Fuel_+_Gas;-;-;-;-;-;-;-;-;-;-;;;;;;;;;;;;;;;;;;;;;;;;;;;;;;;;;;;;;;;;;;;;
;Ciclo_combinado;-;-;-;-;-;-;-;-;-;-;;;;;;;;;;;;;;;;;;;;;;;;;;;;;;;;;;;;;;;;;;;;
;Eólica;-;-;-;-;39;39;-;-;-;-;;;;;;;;;;;;;;;;;;;;;;;;;;;;;;;;;;;;;;;;;;;;
;Solar_fotovoltaica;564;564;564;564;1.247;1.575;-;-;-;-;;;;;;;;;;;;;;;;;;;;;;;;;;;;;;;;;;;;;;;;;;;;
;Solar_térmica;849;849;849;849;849;849;-;-;-;-;;;;;;;;;;;;;;;;;;;;;;;;;;;;;;;;;;;;;;;;;;;;
;Térmica_renovable/Otras_renovables;36;36;36;36;36;36;-;-;-;-;;;;;;;;;;;;;;;;;;;;;;;;;;;;;;;;;;;;;;;;;;;;
;Térmica_no_renovable/Cogeneración_y_resto/Cogeneración;18;18;18;18;18;18;-;-;-;-;;;;;;;;;;;;;;;;;;;;;;;;;;;;;;;;;;;;;;;;;;;;
;Residuos_no_renovables;-;-;-;-;-;-;-;-;-;-;;;;;;;;;;;;;;;;;;;;;;;;;;;;;;;;;;;;;;;;;;;;
;Residuos_renovables;-;-;-;-;-;-;-;-;-;-;;;;;;;;;;;;;;;;;;;;;;;;;;;;;;;;;;;;;;;;;;;;
;Total;5.762;5.762;5.762;5.762;6.484;6.812;-;-;-;-;;;;;;;;;;;;;;;;;;;;;;;;;;;;;;;;;;;;;;;;;;;;
;;;;;;;;;;;;;;;;;;;;;;;;;;;;;;;;;;;;;;;;;;;;;;;;;;;;;;;
;Potencia_instalada_Galicia_(MW);2015;2016;2017;2018;2019;2020;2021;2022;2023;2024;;;;;;;;;;;;;;;;;;;;;;;;;;;;;;;;;;;;;;;;;;;;
;Bombeo_puro;-;-;-;-;-;-;-;-;-;-;;;;;;;;;;;;;;;;;;;;;;;;;;;;;;;;;;;;;;;;;;;;
;Hidráulica_convencional_y_mixta;3.699;3.702;3.702;3.720;3.720;3.720;-;-;-;-;;;;;;;;;;;;;;;;;;;;;;;;;;;;;;;;;;;;;;;;;;;;
;Nuclear;-;-;-;-;-;-;-;-;-;-;;;;;;;;;;;;;;;;;;;;;;;;;;;;;;;;;;;;;;;;;;;;
;Carbón;1.960;1.960;1.960;1.960;1.960;1.960;-;-;-;-;;;;;;;;;;;;;;;;;;;;;;;;;;;;;;;;;;;;;;;;;;;;
;Fuel_+_Gas;-;-;-;-;-;-;-;-;-;-;;;;;;;;;;;;;;;;;;;;;;;;;;;;;;;;;;;;;;;;;;;;
;Ciclo_combinado;1.247;1.247;1.247;1.247;1.247;1.247;-;-;-;-;;;;;;;;;;;;;;;;;;;;;;;;;;;;;;;;;;;;;;;;;;;;
;Eólica;3.334;3.336;3.343;3.411;3.805;3.805;-;-;-;-;;;;;;;;;;;;;;;;;;;;;;;;;;;;;;;;;;;;;;;;;;;;
;Solar_fotovoltaica;16;17;17;17;18;18;-;-;-;-;;;;;;;;;;;;;;;;;;;;;;;;;;;;;;;;;;;;;;;;;;;;
;Solar_térmica;-;-;-;-;-;-;-;-;-;-;;;;;;;;;;;;;;;;;;;;;;;;;;;;;;;;;;;;;;;;;;;;
;Térmica_renovable/Otras_renovables;64;64;66;66;116;116;-;-;-;-;;;;;;;;;;;;;;;;;;;;;;;;;;;;;;;;;;;;;;;;;;;;
;Térmica_no_renovable/Cogeneración_y_resto/Cogeneración;537;510;494;494;484;484;-;-;-;-;;;;;;;;;;;;;;;;;;;;;;;;;;;;;;;;;;;;;;;;;;;;
;Residuos_no_renovables;41;41;41;41;41;41;-;-;-;-;;;;;;;;;;;;;;;;;;;;;;;;;;;;;;;;;;;;;;;;;;;;
;Residuos_renovables;25;25;25;25;25;25;-;-;-;-;;;;;;;;;;;;;;;;;;;;;;;;;;;;;;;;;;;;;;;;;;;;
;Total;10.924;10.901;10.894;10.981;11.416;11.416;-;-;-;-;;;;;;;;;;;;;;;;;;;;;;;;;;;;;;;;;;;;;;;;;;;;
;;;;;;;;;;;;;;;;;;;;;;;;;;;;;;;;;;;;;;;;;;;;;;;;;;;;;;;
;Potencia_instalada_La_Rioja_(MW);2015;2016;2017;2018;2019;2020;2021;2022;2023;2024;;;;;;;;;;;;;;;;;;;;;;;;;;;;;;;;;;;;;;;;;;;;
;Bombeo_puro;-;-;-;-;-;-;-;-;-;-;;;;;;;;;;;;;;;;;;;;;;;;;;;;;;;;;;;;;;;;;;;;
;Hidráulica_convencional_y_mixta;52;52;52;52;52;52;-;-;-;-;;;;;;;;;;;;;;;;;;;;;;;;;;;;;;;;;;;;;;;;;;;;
;Nuclear;-;-;-;-;-;-;-;-;-;-;;;;;;;;;;;;;;;;;;;;;;;;;;;;;;;;;;;;;;;;;;;;
;Carbón;-;-;-;-;-;-;-;-;-;-;;;;;;;;;;;;;;;;;;;;;;;;;;;;;;;;;;;;;;;;;;;;
;Fuel_+_Gas;-;-;-;-;-;-;-;-;-;-;;;;;;;;;;;;;;;;;;;;;;;;;;;;;;;;;;;;;;;;;;;;
;Ciclo_combinado;785;785;785;785;785;785;-;-;-;-;;;;;;;;;;;;;;;;;;;;;;;;;;;;;;;;;;;;;;;;;;;;
;Eólica;448;448;448;448;448;448;-;-;-;-;;;;;;;;;;;;;;;;;;;;;;;;;;;;;;;;;;;;;;;;;;;;
;Solar_fotovoltaica;86;86;86;86;97;99;-;-;-;-;;;;;;;;;;;;;;;;;;;;;;;;;;;;;;;;;;;;;;;;;;;;
;Solar_térmica;-;-;-;-;-;-;-;-;-;-;;;;;;;;;;;;;;;;;;;;;;;;;;;;;;;;;;;;;;;;;;;;
;Térmica_renovable/Otras_renovables;4;4;4;4;4;4;-;-;-;-;;;;;;;;;;;;;;;;;;;;;;;;;;;;;;;;;;;;;;;;;;;;
;Térmica_no_renovable/Cogeneración_y_resto/Cogeneración;43;42;41;23;23;23;-;-;-;-;;;;;;;;;;;;;;;;;;;;;;;;;;;;;;;;;;;;;;;;;;;;
;Residuos_no_renovables;-;-;-;-;-;-;-;-;-;-;;;;;;;;;;;;;;;;;;;;;;;;;;;;;;;;;;;;;;;;;;;;
;Residuos_renovables;-;-;-;-;-;-;-;-;-;-;;;;;;;;;;;;;;;;;;;;;;;;;;;;;;;;;;;;;;;;;;;;
;Total;1.418;1.416;1.415;1.398;1.409;1.410;-;-;-;-;;;;;;;;;;;;;;;;;;;;;;;;;;;;;;;;;;;;;;;;;;;;
;;;;;;;;;;;;;;;;;;;;;;;;;;;;;;;;;;;;;;;;;;;;;;;;;;;;;;;
;Potencia_instalada_Madrid_(MW);2015;2016;2017;2018;2019;2020;2021;2022;2023;2024;;;;;;;;;;;;;;;;;;;;;;;;;;;;;;;;;;;;;;;;;;;;
;Bombeo_puro;-;-;-;-;-;-;-;-;-;-;;;;;;;;;;;;;;;;;;;;;;;;;;;;;;;;;;;;;;;;;;;;
;Hidráulica_convencional_y_mixta;109;109;109;109;109;109;-;-;-;-;;;;;;;;;;;;;;;;;;;;;;;;;;;;;;;;;;;;;;;;;;;;
;Nuclear;-;-;-;-;-;-;-;-;-;-;;;;;;;;;;;;;;;;;;;;;;;;;;;;;;;;;;;;;;;;;;;;
;Carbón;-;-;-;-;-;-;-;-;-;-;;;;;;;;;;;;;;;;;;;;;;;;;;;;;;;;;;;;;;;;;;;;
;Fuel_+_Gas;-;-;-;-;-;-;-;-;-;-;;;;;;;;;;;;;;;;;;;;;;;;;;;;;;;;;;;;;;;;;;;;
;Ciclo_combinado;-;-;-;-;-;-;-;-;-;-;;;;;;;;;;;;;;;;;;;;;;;;;;;;;;;;;;;;;;;;;;;;
;Eólica;-;-;-;-;-;-;-;-;-;-;;;;;;;;;;;;;;;;;;;;;;;;;;;;;;;;;;;;;;;;;;;;
;Solar_fotovoltaica;63;63;63;64;63;63;-;-;-;-;;;;;;;;;;;;;;;;;;;;;;;;;;;;;;;;;;;;;;;;;;;;
;Solar_térmica;-;-;-;-;-;-;-;-;-;-;;;;;;;;;;;;;;;;;;;;;;;;;;;;;;;;;;;;;;;;;;;;
;Térmica_renovable/Otras_renovables;43;45;45;45;45;45;-;-;-;-;;;;;;;;;;;;;;;;;;;;;;;;;;;;;;;;;;;;;;;;;;;;
;Térmica_no_renovable/Cogeneración_y_resto/Cogeneración;245;212;212;211;211;211;-;-;-;-;;;;;;;;;;;;;;;;;;;;;;;;;;;;;;;;;;;;;;;;;;;;
;Residuos_no_renovables;15;15;15;15;15;15;-;-;-;-;;;;;;;;;;;;;;;;;;;;;;;;;;;;;;;;;;;;;;;;;;;;
;Residuos_renovables;15;15;15;15;15;15;-;-;-;-;;;;;;;;;;;;;;;;;;;;;;;;;;;;;;;;;;;;;;;;;;;;
;Total;489;459;459;458;458;458;-;-;-;-;;;;;;;;;;;;;;;;;;;;;;;;;;;;;;;;;;;;;;;;;;;;
;;;;;;;;;;;;;;;;;;;;;;;;;;;;;;;;;;;;;;;;;;;;;;;;;;;;;;;
;Potencia_instalada_Murcia_(MW);2015;2016;2017;2018;2019;2020;2021;2022;2023;2024;;;;;;;;;;;;;;;;;;;;;;;;;;;;;;;;;;;;;;;;;;;;
;Bombeo_puro;-;-;-;-;-;-;-;-;-;-;;;;;;;;;;;;;;;;;;;;;;;;;;;;;;;;;;;;;;;;;;;;
;Hidráulica_convencional_y_mixta;33;33;34;34;34;34;-;-;-;-;;;;;;;;;;;;;;;;;;;;;;;;;;;;;;;;;;;;;;;;;;;;
;Nuclear;-;-;-;-;-;-;-;-;-;-;;;;;;;;;;;;;;;;;;;;;;;;;;;;;;;;;;;;;;;;;;;;
;Carbón;-;-;-;-;-;-;-;-;-;-;;;;;;;;;;;;;;;;;;;;;;;;;;;;;;;;;;;;;;;;;;;;
;Fuel_+_Gas;-;-;-;-;-;-;-;-;-;-;;;;;;;;;;;;;;;;;;;;;;;;;;;;;;;;;;;;;;;;;;;;
;Ciclo_combinado;3.264;3.264;3.264;3.264;3.264;3.264;-;-;-;-;;;;;;;;;;;;;;;;;;;;;;;;;;;;;;;;;;;;;;;;;;;;
;Eólica;263;263;263;263;263;263;-;-;-;-;;;;;;;;;;;;;;;;;;;;;;;;;;;;;;;;;;;;;;;;;;;;
;Solar_fotovoltaica;438;438;437;441;1.114;1.114;-;-;-;-;;;;;;;;;;;;;;;;;;;;;;;;;;;;;;;;;;;;;;;;;;;;
;Solar_térmica;31;31;31;31;31;31;-;-;-;-;;;;;;;;;;;;;;;;;;;;;;;;;;;;;;;;;;;;;;;;;;;;
;Térmica_renovable/Otras_renovables;16;15;15;15;15;15;-;-;-;-;;;;;;;;;;;;;;;;;;;;;;;;;;;;;;;;;;;;;;;;;;;;
;Térmica_no_renovable/Cogeneración_y_resto/Cogeneración;327;314;314;314;314;314;-;-;-;-;;;;;;;;;;;;;;;;;;;;;;;;;;;;;;;;;;;;;;;;;;;;
;Residuos_no_renovables;10;10;10;10;10;10;-;-;-;-;;;;;;;;;;;;;;;;;;;;;;;;;;;;;;;;;;;;;;;;;;;;
;Residuos_renovables;-;-;-;-;-;-;-;-;-;-;;;;;;;;;;;;;;;;;;;;;;;;;;;;;;;;;;;;;;;;;;;;
;Total;4.381;4.368;4.367;4.372;5.045;5.045;-;-;-;-;;;;;;;;;;;;;;;;;;;;;;;;;;;;;;;;;;;;;;;;;;;;
;;;;;;;;;;;;;;;;;;;;;;;;;;;;;;;;;;;;;;;;;;;;;;;;;;;;;;;
;Potencia_instalada_Navarra_(MW);2015;2016;2017;2018;2019;2020;2021;2022;2023;2024;;;;;;;;;;;;;;;;;;;;;;;;;;;;;;;;;;;;;;;;;;;;
;Bombeo_puro;-;-;-;-;-;-;-;-;-;-;;;;;;;;;;;;;;;;;;;;;;;;;;;;;;;;;;;;;;;;;;;;
;Hidráulica_convencional_y_mixta;255;255;255;255;255;255;-;-;-;-;;;;;;;;;;;;;;;;;;;;;;;;;;;;;;;;;;;;;;;;;;;;
;Nuclear;-;-;-;-;-;-;-;-;-;-;;;;;;;;;;;;;;;;;;;;;;;;;;;;;;;;;;;;;;;;;;;;
;Carbón;-;-;-;-;-;-;-;-;-;-;;;;;;;;;;;;;;;;;;;;;;;;;;;;;;;;;;;;;;;;;;;;
;Fuel_+_Gas;-;-;-;-;-;-;-;-;-;-;;;;;;;;;;;;;;;;;;;;;;;;;;;;;;;;;;;;;;;;;;;;
;Ciclo_combinado;1.222;1.222;1.222;1.222;1.222;1.222;-;-;-;-;;;;;;;;;;;;;;;;;;;;;;;;;;;;;;;;;;;;;;;;;;;;
;Eólica;986;995;995;995;1.098;1.098;-;-;-;-;;;;;;;;;;;;;;;;;;;;;;;;;;;;;;;;;;;;;;;;;;;;
;Solar_fotovoltaica;161;161;161;162;162;162;-;-;-;-;;;;;;;;;;;;;;;;;;;;;;;;;;;;;;;;;;;;;;;;;;;;
;Solar_térmica;-;-;-;-;-;-;-;-;-;-;;;;;;;;;;;;;;;;;;;;;;;;;;;;;;;;;;;;;;;;;;;;
;Térmica_renovable/Otras_renovables;49;49;50;50;52;52;-;-;-;-;;;;;;;;;;;;;;;;;;;;;;;;;;;;;;;;;;;;;;;;;;;;
;Térmica_no_renovable/Cogeneración_y_resto/Cogeneración;167;159;157;148;141;141;-;-;-;-;;;;;;;;;;;;;;;;;;;;;;;;;;;;;;;;;;;;;;;;;;;;
;Residuos_no_renovables;-;-;-;-;-;-;-;-;-;-;;;;;;;;;;;;;;;;;;;;;;;;;;;;;;;;;;;;;;;;;;;;
;Residuos_renovables;-;-;-;-;-;-;-;-;-;-;;;;;;;;;;;;;;;;;;;;;;;;;;;;;;;;;;;;;;;;;;;;
;Total;2.839;2.842;2.840;2.832;2.931;2.931;-;-;-;-;;;;;;;;;;;;;;;;;;;;;;;;;;;;;;;;;;;;;;;;;;;;
;;;;;;;;;;;;;;;;;;;;;;;;;;;;;;;;;;;;;;;;;;;;;;;;;;;;;;;
;Potencia_instalada_País_Vasco_(MW);2015;2016;2017;2018;2019;2020;2021;2022;2023;2024;;;;;;;;;;;;;;;;;;;;;;;;;;;;;;;;;;;;;;;;;;;;
;Bombeo_puro;-;-;-;-;-;-;-;-;-;-;;;;;;;;;;;;;;;;;;;;;;;;;;;;;;;;;;;;;;;;;;;;
;Hidráulica_convencional_y_mixta;170;170;170;170;174;174;-;-;-;-;;;;;;;;;;;;;;;;;;;;;;;;;;;;;;;;;;;;;;;;;;;;
;Nuclear;-;-;-;-;-;-;-;-;-;-;;;;;;;;;;;;;;;;;;;;;;;;;;;;;;;;;;;;;;;;;;;;
;Carbón;-;-;-;-;-;-;-;-;-;-;;;;;;;;;;;;;;;;;;;;;;;;;;;;;;;;;;;;;;;;;;;;
;Fuel_+_Gas;-;-;-;-;-;-;-;-;-;-;;;;;;;;;;;;;;;;;;;;;;;;;;;;;;;;;;;;;;;;;;;;
;Ciclo_combinado;1.968;1.968;1.968;1.968;1.968;1.968;-;-;-;-;;;;;;;;;;;;;;;;;;;;;;;;;;;;;;;;;;;;;;;;;;;;
;Eólica;153;153;153;153;153;153;-;-;-;-;;;;;;;;;;;;;;;;;;;;;;;;;;;;;;;;;;;;;;;;;;;;
;Solar_fotovoltaica;27;27;27;27;51;51;-;-;-;-;;;;;;;;;;;;;;;;;;;;;;;;;;;;;;;;;;;;;;;;;;;;
;Solar_térmica;-;-;-;-;-;-;-;-;-;-;;;;;;;;;;;;;;;;;;;;;;;;;;;;;;;;;;;;;;;;;;;;
;Térmica_renovable/Otras_renovables;56;56;56;56;56;56;-;-;-;-;;;;;;;;;;;;;;;;;;;;;;;;;;;;;;;;;;;;;;;;;;;;
;Térmica_no_renovable/Cogeneración_y_resto/Cogeneración;420;418;406;404;399;399;-;-;-;-;;;;;;;;;;;;;;;;;;;;;;;;;;;;;;;;;;;;;;;;;;;;
;Residuos_no_renovables;83;83;83;77;77;77;-;-;-;-;;;;;;;;;;;;;;;;;;;;;;;;;;;;;;;;;;;;;;;;;;;;
;Residuos_renovables;50;50;50;50;50;50;-;-;-;-;;;;;;;;;;;;;;;;;;;;;;;;;;;;;;;;;;;;;;;;;;;;
;Total;2.927;2.926;2.914;2.906;2.929;2.929;-;-;-;-;;;;;;;;;;;;;;;;;;;;;;;;;;;;;;;;;;;;;;;;;;;;
